"","diff","lwr","upr","p adj"
"D8:Batch 3-D12:Batch 1",58.3392857142858,9.71117643508617,106.967394993485,0.00378168994921813
"D8:Batch 3-D13:Batch 1",60.425,6.86045151273408,113.989548487266,0.0101942598371451
"D8:Batch 3-D8:Batch 1",42.929347826087,4.3630719664882,81.4956236856858,0.0124296091591271
"D10:Batch 3-D8:Batch 3",-46.3173076923077,-88.5383300884515,-4.09628529616389,0.0153366815651462
"D8:Batch 3-D13:Batch 2",58.625,5.0604515127341,112.189548487266,0.0158491651092892
"D8:Batch 3-D9:Batch 2",50.5,3.5207831986832,97.4792168013168,0.0203292720198267
"D8:Batch 3-D10:Batch 2",41.7202380952381,2.68290629034953,80.7575699001267,0.021979332996784
"D13:Batch 3-D8:Batch 3",-66.625,-130.235160252269,-3.01483974773062,0.0285983751976392
"D8:Batch 4-D8:Batch 3",-49.125,-99.86835371727,1.61835371726997,0.0712603129647413
"D11:Batch 3-D8:Batch 3",-45.9107142857143,-94.5388235649139,2.71739499348529,0.091895198235933
"D12:Batch 3-D8:Batch 3",-50.375,-107.912554839406,7.16255483940628,0.178695221647227
"D8:Batch 3-D12:Batch 2",43.625,-7.11835371726996,94.36835371727,0.205384476229756
"D8:Batch 3-D11:Batch 2",41.4821428571429,-7.14596642205667,90.1102521363425,0.217459210126781
"D8:Batch 3-D11:Batch 1",46.625,-10.9125548394063,104.162554839406,0.306063977010742
"D8:Batch 2-D12:Batch 1",34.2767857142857,-8.30174536950692,76.8553167980783,0.318410808146985
"D12:Batch 1-D9:Batch 1",-41.7142857142857,-93.9879324904637,10.5593610618924,0.335151688878772
"D13:Batch 1-D9:Batch 1",-43.7999999999999,-100.694656953492,13.0946569534919,0.406584321695181
"D8:Batch 2-D13:Batch 1",36.3625,-11.7768721586435,84.5018721586435,0.445636395481132
"D12:Batch 1-D10:Batch 1",-33.7142857142857,-78.4004343160495,10.9718628874782,0.448078485500799
"D13:Batch 3-D9:Batch 1",-50,-116.438645550088,16.4386455500882,0.453287923698275
"D13:Batch 2-D9:Batch 1",-42,-98.8946569534918,14.8946569534919,0.493350207549703
"D13:Batch 3-D8:Batch 2",-42.5625,-101.676718124772,16.5517181247719,0.545062073514692
"D13:Batch 2-D8:Batch 2",-34.5625,-82.7018721586435,13.5768721586435,0.550883231601671
"D13:Batch 1-D10:Batch 1",-35.7999999999999,-85.8131954531382,14.2131954531383,0.557047752567116
"D9:Batch 3-D12:Batch 1",36.8809523809523,-15.3926943952257,89.1545991571304,0.586411427180829
"D13:Batch 3-D10:Batch 1",-42,-102.649908096456,18.6499080964559,0.623447554995033
"D9:Batch 3-D13:Batch 1",38.9666666666666,-17.9279902868253,95.8613236201584,0.644818507119458
"D13:Batch 3-D9:Batch 3",-45.1666666666666,-111.605312216755,21.2719788834216,0.658909530970969
"D13:Batch 2-D10:Batch 1",-34,-84.0131954531382,16.0131954531383,0.65892234480024
"D9:Batch 2-D9:Batch 1",-33.8749999999999,-84.6183537172699,16.8683537172701,0.692379047835718
"D9:Batch 3-D13:Batch 2",37.1666666666666,-19.7279902868253,94.0613236201584,0.730126451450678
"D9:Batch 2-D8:Batch 2",-26.4374999999999,-67.122695199837,14.2476951998371,0.738947719990511
"D10:Batch 3-D9:Batch 1",-29.6923076923076,-76.0653156536911,16.6807002690758,0.762678171746372
"D10:Batch 3-D8:Batch 2",-22.2548076923077,-57.338322757925,12.8287073733096,0.777039659505202
"D8:Batch 2-D8:Batch 1",18.8668478260869,-11.7206648361481,49.454360488322,0.816849417128581
"D9:Batch 1-D8:Batch 1",26.3043478260869,-16.7676705720509,69.3763662242247,0.829801326478738
"D9:Batch 2-D10:Batch 1",-25.8749999999999,-68.7609612933447,17.0109612933449,0.844731522753815
"D8:Batch 4-D9:Batch 1",-32.5,-86.746926933116,21.7469269331161,0.852970103933142
"D8:Batch 3-D8:Batch 2",24.0625,-16.622695199837,64.7476951998371,0.86726646813761
"D10:Batch 2-D9:Batch 1",-25.0952380952381,-68.5895412814695,18.3990650909934,0.891829745988541
"D10:Batch 3-D10:Batch 1",-21.6923076923076,-59.3057839603266,15.9211685757113,0.89224529272913
"D8:Batch 3-D10:Batch 1",24.6250000000001,-18.2609612933447,67.5109612933449,0.896201088509504
"D9:Batch 3-D9:Batch 2",29.0416666666665,-21.7016870506035,79.7850203839365,0.899080948887429
"D10:Batch 2-D8:Batch 2",-17.6577380952381,-48.837083367849,13.5216071773729,0.907954502034613
"D11:Batch 3-D9:Batch 1",-29.2857142857142,-81.5593610618923,22.9879324904638,0.916425950367665
"D8:Batch 4-D8:Batch 2",-25.0625,-70.0416756667427,19.9166756667427,0.920448541615745
"D12:Batch 3-D9:Batch 1",-33.75,-94.3999080964558,26.8999080964559,0.921395704963219
"D10:Batch 1-D8:Batch 1",18.3043478260869,-15.1548287696965,51.7635244218703,0.932924221951679
"D10:Batch 3-D9:Batch 3",-24.8589743589743,-71.2319823203577,21.5140336024092,0.944846727115691
"D8:Batch 4-D10:Batch 1",-24.4999999999999,-71.4792168013167,22.4792168013168,0.958187287301513
"D11:Batch 3-D8:Batch 2",-21.8482142857143,-64.4267453695069,20.7303167980784,0.964692176875218
"D8:Batch 4-D9:Batch 3",-27.6666666666666,-81.9135935997827,26.5802602664495,0.966904688400503
"D10:Batch 2-D10:Batch 1",-17.0952380952381,-51.0962989497778,16.9058227593017,0.971635065444344
"D12:Batch 3-D8:Batch 2",-26.3125,-78.8368611487222,26.2118611487223,0.972744589799884
"D9:Batch 3-D8:Batch 1",21.4710144927535,-21.6010039053843,64.5430328908914,0.97418916265622
"D12:Batch 2-D9:Batch 1",-27,-81.246926933116,27.2469269331161,0.974626012126561
"D11:Batch 1-D9:Batch 1",-29.9999999999999,-90.6499080964558,30.6499080964559,0.976324016640444
"D12:Batch 3-D9:Batch 3",-28.9166666666666,-89.5665747631224,31.7332414297893,0.984495376775493
"D11:Batch 3-D10:Batch 1",-21.2857142857142,-65.9718628874781,23.4004343160496,0.984664425304418
"D11:Batch 2-D9:Batch 1",-24.8571428571428,-77.1307896333209,27.4165039190352,0.984973596412676
"D12:Batch 3-D10:Batch 1",-25.75,-79.996926933116,28.4969269331161,0.985285067766287
"D11:Batch 3-D9:Batch 3",-24.4523809523809,-76.7260277285589,27.8212658237972,0.987658486570454
"D9:Batch 3-D10:Batch 2",20.2619047619047,-23.2323984243267,63.7562079481361,0.988261710657045
"D12:Batch 2-D8:Batch 2",-19.5625,-64.5416756667427,25.4166756667427,0.995103502449914
"D8:Batch 2-D11:Batch 1",22.5625,-29.9618611487223,75.0868611487222,0.995850545674935
"D13:Batch 3-D10:Batch 2",-24.9047619047619,-82.8971661530705,33.0876423435467,0.995865309131541
"D9:Batch 3-D8:Batch 3",-21.4583333333334,-72.2016870506034,29.2850203839366,0.996645057469134
"D9:Batch 3-D11:Batch 1",25.1666666666666,-35.4832414297893,85.8165747631224,0.997416713962817
"D13:Batch 3-D8:Batch 1",-23.6956521739131,-81.3720191688352,33.9807148210091,0.997753199872804
"D11:Batch 2-D8:Batch 2",-17.4196428571429,-59.9981739409355,25.1588882266498,0.997882392880027
"D9:Batch 3-D12:Batch 2",22.1666666666666,-32.0802602664495,76.4135935997827,0.997918199189706
"D11:Batch 1-D10:Batch 1",-21.9999999999999,-76.246926933116,32.2469269331161,0.998129958959315
"D10:Batch 2-D12:Batch 1",16.6190476190476,-24.3877746822429,57.6258699203382,0.99814815275844
"D12:Batch 2-D10:Batch 1",-19,-65.9792168013167,27.9792168013168,0.998202318739531
"D10:Batch 2-D13:Batch 1",18.7047619047619,-28.0502091445769,65.4597329541006,0.998462586679439
"D13:Batch 3-D11:Batch 2",-25.1428571428571,-89.9803361817899,39.6946218960757,0.999026626939898
"D9:Batch 3-D11:Batch 2",20.0238095238095,-32.2498372523686,72.2974562999875,0.999189686940057
"D12:Batch 1-D8:Batch 1",-15.4099378881988,-55.9685847404216,25.148708964024,0.999283616939674
"D13:Batch 1-D8:Batch 1",-17.495652173913,-63.858047248566,28.86674290074,0.999353892555368
"D11:Batch 2-D10:Batch 1",-16.8571428571428,-61.5432914589067,27.829005744621,0.999357355071598
"D13:Batch 2-D10:Batch 2",-16.9047619047619,-63.6597329541006,29.8502091445769,0.999667074659101
"D13:Batch 3-D12:Batch 2",-23,-89.4386455500882,43.4386455500882,0.999834025530821
"D11:Batch 2-D13:Batch 1",18.9428571428571,-36.0735681813069,73.9592824670211,0.999848060421613
"D13:Batch 2-D8:Batch 1",-15.6956521739131,-62.0580472485661,30.6667429007399,0.999884890838738
"D13:Batch 3-D10:Batch 3",-20.3076923076923,-80.4892543365226,39.873869721138,0.999890935005518
"D11:Batch 2-D12:Batch 1",16.8571428571428,-33.365752448429,67.0800381627147,0.999900162965177
"D8:Batch 3-D9:Batch 1",16.6250000000001,-34.1183537172699,67.3683537172701,0.999933400523003
"D13:Batch 3-D11:Batch 3",-20.7142857142857,-85.5517647532185,44.123193324647,0.999956603867121
"D13:Batch 2-D11:Batch 2",-17.1428571428571,-72.1592824670211,37.8735681813069,0.999971808704459
"D12:Batch 2-D13:Batch 1",16.8,-40.0946569534919,73.6946569534918,0.999989082733886
"D10:Batch 3-D13:Batch 1",14.1076923076923,-35.3365062959378,63.5518909113224,0.999994121098471
"D12:Batch 2-D12:Batch 1",14.7142857142857,-37.5593610618923,66.9879324904638,0.999995409139592
"D13:Batch 3-D11:Batch 1",-20,-91.7619390272585,51.7619390272584,0.99999617522396
"D10:Batch 3-D12:Batch 1",12.021978021978,-32.0264150585911,56.0703711025472,0.999997402003512
"D11:Batch 3-D13:Batch 1",14.5142857142857,-40.5021396098783,69.5307110384497,0.999998622769614
"D13:Batch 2-D12:Batch 2",-15,-71.8946569534918,41.8946569534918,0.999998639595933
"D8:Batch 4-D13:Batch 3",17.5,-48.9386455500882,83.9386455500882,0.999998663137967
"D13:Batch 3-D9:Batch 2",-16.1250000000001,-79.7351602522695,47.4851602522694,0.999999354099843
"D10:Batch 3-D13:Batch 2",12.3076923076923,-37.1365062959378,61.7518909113224,0.999999544609924
"D11:Batch 3-D12:Batch 1",12.4285714285714,-37.7943238770004,62.6514667341433,0.999999593173252
"D11:Batch 3-D13:Batch 2",12.7142857142857,-42.3021396098783,67.7307110384497,0.999999892966931
"D13:Batch 3-D12:Batch 3",-16.25,-88.0119390272584,55.5119390272584,0.999999928455839
"D10:Batch 2-D9:Batch 2",8.77976190476185,-30.2575699001268,47.8170937096505,0.999999937507404
"D13:Batch 1-D11:Batch 1",-13.8,-76.8292333784667,49.2292333784667,0.99999996344764
"D12:Batch 1-D11:Batch 1",-11.7142857142857,-70.6058506255898,47.1772791970183,0.99999999478526
"D8:Batch 4-D13:Batch 1",11.3,-45.5946569534918,68.1946569534918,0.99999999494446
"D9:Batch 2-D8:Batch 1",-7.57065217391301,-46.1369280335118,30.9956236856858,0.999999996025586
"D13:Batch 2-D11:Batch 1",-12,-75.0292333784668,51.0292333784667,0.999999997887589
"D11:Batch 2-D9:Batch 2",9.01785714285707,-39.6102521363425,57.6459664220567,0.999999998777195
"D9:Batch 2-D13:Batch 1",9.92500000000003,-43.6395484872659,63.489548487266,0.999999998798305
"D8:Batch 4-D12:Batch 1",9.21428571428572,-43.0593610618923,61.4879324904638,0.999999999577462
"D10:Batch 1-D9:Batch 1",-8.00000000000001,-54.9792168013168,38.9792168013168,0.999999999796111
"D8:Batch 4-D10:Batch 2",-7.40476190476189,-50.8990650909933,36.0895412814695,0.999999999797156
"D12:Batch 3-D10:Batch 2",-8.6547619047619,-59.9132897813751,42.6037659718513,0.999999999829746
"D8:Batch 4-D13:Batch 2",9.5,-47.3946569534918,66.3946569534918,0.999999999865584
"D8:Batch 2-D9:Batch 1",-7.43749999999997,-52.4166756667427,37.5416756667427,0.999999999890757
"D9:Batch 2-D12:Batch 1",7.83928571428577,-40.7888235649138,56.4673949934853,0.999999999936424
"D12:Batch 3-D13:Batch 1",10.05,-52.9792333784668,73.0792333784667,0.999999999949711
"D13:Batch 2-D9:Batch 2",-8.12500000000005,-61.689548487266,45.4395484872659,0.999999999982849
"D12:Batch 3-D11:Batch 2",-8.89285714285712,-67.7844220541612,49.9987077684469,0.999999999984447
"D12:Batch 3-D8:Batch 1",-7.44565217391305,-58.3463500012635,43.4550456534373,0.999999999992244
"D8:Batch 4-D11:Batch 2",-7.64285714285711,-59.9165039190352,44.6307896333209,0.999999999992323
"D8:Batch 4-D8:Batch 1",-6.19565217391305,-49.2676705720509,36.8763662242248,0.999999999994656
"D10:Batch 3-D10:Batch 2",-4.59706959706957,-37.7554953039019,28.5613561097628,0.999999999997713
"D12:Batch 2-D9:Batch 2",6.87499999999995,-43.8683537172701,57.6183537172699,0.999999999998711
"D12:Batch 3-D12:Batch 1",7.96428571428572,-50.9272791970183,66.8558506255898,0.999999999998762
"D11:Batch 1-D8:Batch 1",-3.69565217391303,-54.5963500012634,47.2050456534374,1
"D10:Batch 2-D8:Batch 1",1.20910973084884,-27.1497353947643,29.567954856462,1
"D11:Batch 2-D8:Batch 1",1.44720496894406,-39.1114418832787,42.0058518211669,1
"D12:Batch 2-D8:Batch 1",-0.695652173913061,-43.7676705720509,42.3763662242248,1
"D10:Batch 3-D8:Batch 1",-3.38795986622073,-35.9904989481577,29.2145792157162,1
"D11:Batch 3-D8:Batch 1",-2.98136645962732,-43.5400133118501,37.5772803925955,1
"D9:Batch 3-D9:Batch 1",-4.83333333333337,-59.0802602664494,49.4135935997827,1
"D8:Batch 2-D10:Batch 1",0.562500000000036,-35.3184695136292,36.4434695136293,1
"D9:Batch 3-D10:Batch 1",3.16666666666664,-43.8125501346501,50.1458834679834,1
"D9:Batch 2-D11:Batch 1",-3.87499999999998,-61.4125548394063,53.6625548394063,1
"D10:Batch 2-D11:Batch 1",4.90476190476187,-46.3537659718513,56.163289781375,1
"D11:Batch 2-D11:Batch 1",5.14285714285709,-53.748707768447,64.0344220541612,1
"D12:Batch 2-D11:Batch 1",2.99999999999996,-57.6499080964559,63.6499080964558,1
"D10:Batch 3-D11:Batch 1",0.307692307692296,-53.4150974356582,54.0304820510428,1
"D11:Batch 3-D11:Batch 1",0.714285714285701,-58.1772791970184,59.6058506255898,1
"D12:Batch 3-D11:Batch 1",-3.75000000000003,-70.1886455500882,62.6886455500881,1
"D8:Batch 4-D11:Batch 1",-2.50000000000002,-63.1499080964559,58.1499080964558,1
"D13:Batch 1-D12:Batch 1",-2.08571428571426,-57.1021396098783,52.9307110384497,1
"D13:Batch 2-D12:Batch 1",-0.285714285714281,-55.3021396098783,54.7307110384497,1
"D13:Batch 3-D12:Batch 1",-8.28571428571429,-73.1231933246471,56.5517647532185,1
"D13:Batch 2-D13:Batch 1",1.79999999999998,-57.6245311132044,61.2245311132044,1
"D13:Batch 3-D13:Batch 1",-6.20000000000002,-74.8175380693517,62.4175380693517,1
"D9:Batch 3-D8:Batch 2",2.6041666666666,-42.3750090000761,47.5833423334093,1
"D10:Batch 3-D9:Batch 2",4.18269230769228,-38.0383300884515,46.4037147038361,1
"D11:Batch 3-D9:Batch 2",4.58928571428568,-44.0388235649139,53.2173949934853,1
"D12:Batch 3-D9:Batch 2",0.124999999999954,-57.4125548394064,57.6625548394063,1
"D8:Batch 4-D9:Batch 2",1.37499999999996,-49.36835371727,52.11835371727,1
"D11:Batch 2-D10:Batch 2",0.238095238095219,-40.7687270631953,41.2449175393858,1
"D12:Batch 2-D10:Batch 2",-1.90476190476191,-45.3990650909933,41.5895412814695,1
"D11:Batch 3-D10:Batch 2",-4.19047619047617,-45.1972984917667,36.8163461108144,1
"D12:Batch 2-D11:Batch 2",-2.14285714285712,-54.4165039190352,50.1307896333209,1
"D10:Batch 3-D11:Batch 2",-4.83516483516479,-48.8835579157339,39.2132282454043,1
"D11:Batch 3-D11:Batch 2",-4.42857142857139,-54.6514667341432,45.7943238770004,1
"D10:Batch 3-D12:Batch 2",-2.69230769230767,-49.0653156536911,43.6807002690758,1
"D11:Batch 3-D12:Batch 2",-2.28571428571426,-54.5593610618923,49.9879324904638,1
"D12:Batch 3-D12:Batch 2",-6.74999999999999,-67.3999080964558,53.8999080964559,1
"D8:Batch 4-D12:Batch 2",-5.49999999999999,-59.7469269331161,48.7469269331161,1
"D12:Batch 3-D13:Batch 2",8.25,-54.7792333784667,71.2792333784667,1
"D13:Batch 3-D13:Batch 2",-8.00000000000001,-76.6175380693517,60.6175380693517,1
"D11:Batch 3-D10:Batch 3",0.406593406593405,-43.6417996739757,44.4549864871625,1
"D12:Batch 3-D10:Batch 3",-4.05769230769232,-57.7804820510428,49.6650974356581,1
"D8:Batch 4-D10:Batch 3",-2.80769230769232,-49.1807002690758,43.5653156536911,1
"D12:Batch 3-D11:Batch 3",-4.46428571428573,-63.3558506255898,54.4272791970183,1
"D8:Batch 4-D11:Batch 3",-3.21428571428573,-55.4879324904638,49.0593610618923,1
"D8:Batch 4-D12:Batch 3",1.25,-59.3999080964558,61.8999080964559,1
